<?xml version="1.0" encoding="UTF-8" ?> 
<!DOCTYPE tiles-definitions PUBLIC       
	"-//Apache Software Foundation//DTD Tiles Configuration 2.0//EN"       
	"http://tiles.apache.org/dtds/tiles-config_2_0.dtd">
<tiles-definitions>
    <definition name="baseLayout" template="/tiles/layout.jsp">
        <put-attribute name="header" value="/tiles/header.jsp" />
        <put-attribute name="body" value="" />
        <put-attribute name="footer" value="/tiles/footer.jsp" />
    </definition>
    <definition name="login" extends="baseLayout">
        <put-attribute name="body" value="/login/login.jsp" />
    </definition>
    <definition name="form" extends="baseLayout">
        <put-attribute name="body" value="/usuario/form.jsp" />
    </definition>
    <definition name="inicio" extends="baseLayout">
        <put-attribute name="body" value="/login/inicio.jsp" />
    </definition>
    <definition name="discos" extends="baseLayout">
        <put-attribute name="body" value="/disco/lista.jsp" />
    </definition>
    <definition name="disco" extends="baseLayout">
        <put-attribute name="body" value="/disco/form.jsp" />
    </definition>
    <definition name="ventas" extends="baseLayout">
        <put-attribute name="body" value="/venta/lista.jsp" />
    </definition>
    <definition name="carrito" extends="baseLayout">
        <put-attribute name="body" value="/carrito/lista.jsp" />
    </definition>
    <definition name="error" extends="baseLayout">
        <put-attribute name="body" value="/tiles/error.jsp" />
    </definition>
    <definition name="resultado" extends="baseLayout">
        <put-attribute name="body" value="/carrito/resultado.jsp" />
    </definition>
    
</tiles-definitions>