<?xml version="1.0" encoding="UTF-8"?>
<beans xmlns="http://www.springframework.org/schema/beans"
       xmlns:xsi="http://www.w3.org/2001/XMLSchema-instance"
       xsi:schemaLocation="http://www.springframework.org/schema/beans 
	   					   http://www.springframework.org/schema/beans/spring-beans.xsd">

	<!-- Datasource: determinar conexión a la bdd -->
	<bean id="dataSource"
		class="org.springframework.jdbc.datasource.DriverManagerDataSource">
		<property name="driverClassName" value="com.mysql.jdbc.Driver" />
		<property name="url" value="jdbc:mysql://localhost:3306/inventario" />
		<property name="username" value="root" />
		<property name="password" value="" />
	</bean>
	
	<!-- Dao JBDC -->
	<bean id="productoDao" class="es.hubiqus.inventario.model.dao.impl.ProductoDaoImpl">
		<property name="dataSource" ref="dataSource" />
	</bean>
	
	<bean id="tipoProductoDao" class="es.hubiqus.inventario.model.dao.impl.TipoProductoDaoImpl">
		<property name="dataSource" ref="dataSource" />
	</bean>

	<bean id="productoSvc" class="es.hubiqus.inventario.service.impl.ProductoSvcImpl">
		<property name="dao" ref="productoDao" />
	</bean>
	
	<bean id="tipoProductoSvc" class="es.hubiqus.inventario.service.impl.TipoProductoSvcImpl">
		<property name="dao" ref="tipoProductoDao" />
	</bean>

</beans>