<?xml version="1.0" encoding="UTF-8"?>
<beans xmlns="http://www.springframework.org/schema/beans"
	xmlns:xsi="http://www.w3.org/2001/XMLSchema-instance"
	xmlns:tx="http://www.springframework.org/schema/tx"
	xmlns:context="http://www.springframework.org/schema/context"
	xsi:schemaLocation="http://www.springframework.org/schema/beans 
	   					   http://www.springframework.org/schema/beans/spring-beans.xsd
	   					   http://www.springframework.org/schema/tx 
	   					   http://www.springframework.org/schema/tx/spring-tx.xsd
	   					   http://www.springframework.org/schema/context
						   http://www.springframework.org/schema/context/spring-context.xsd">

	<context:annotation-config />
	
	<!-- Datasource: determinar conexión a la bdd -->
	<bean id="dataSource"
		class="org.springframework.jdbc.datasource.DriverManagerDataSource">
		<property name="driverClassName" value="com.mysql.jdbc.Driver" />
		<property name="url" value="jdbc:mysql://localhost:3306/banco" />
		<property name="username" value="root" />
		<property name="password" value="root" />
	</bean>
	
	<!-- Activar transactiones basadas en anotaciones -->
    <tx:annotation-driven/>
    
	<!-- Session factory: para Hibernate -->
	<bean id="sessionFactory"
		class="org.springframework.orm.hibernate4.LocalSessionFactoryBean">

		<property name="dataSource">
			<ref bean="dataSource" />
		</property>

		<property name="hibernateProperties">
			<props>
				<prop key="hibernate.dialect">org.hibernate.dialect.MySQLDialect</prop>
				<prop key="hibernate.show_sql">true</prop>
			</props>
		</property>

		<property name="annotatedClasses">
			<list>
				<value>es.arelance.banco.modelo.Usuario</value>
				<value>es.arelance.banco.modelo.Movimiento</value>
				<value>es.arelance.banco.modelo.Tipo</value>
			</list>
		</property>
	</bean>
	
	<!-- Gestor de transacciones de hibernate -->
    <bean id="transactionManager" class="org.springframework.orm.hibernate4.HibernateTransactionManager"> 
     	<property name="sessionFactory" ref="sessionFactory" /> 
	</bean> 
	
	<!-- Dao Hibernate clásico -->
	<bean id="usuarioDao" class="es.arelance.banco.modelo.dao.impl.UsuarioDaoImpl"/>
	<bean id="movimientoDao" class="es.arelance.banco.modelo.dao.impl.MovimientoDaoImpl"/>
	<bean id="tipoDao" class="es.arelance.banco.modelo.dao.impl.TipoDaoImpl"/>
	
	<bean id="usuarioSvc" class="es.arelance.banco.servicios.impl.UsuarioSvcImpl">
		<property name="dao" ref="usuarioDao" />
		<property name="daoMov" ref="movimientoDao" />
	</bean>
	
	
	<bean id="movimientoSvc" class="es.arelance.banco.servicios.impl.MovimientoSvcImpl">
		<property name="dao" ref="movimientoDao" />
	</bean>

	<bean id="tipoSvc" class="es.arelance.banco.servicios.impl.TipoSvcImpl">
		<property name="dao" ref="tipoDao" />
	</bean>



</beans>