<?xml version="1.0" encoding="UTF-8"?>
<beans xmlns="http://www.springframework.org/schema/beans"
	xmlns:xsi="http://www.w3.org/2001/XMLSchema-instance"
	xmlns:tx="http://www.springframework.org/schema/tx"
	xmlns:context="http://www.springframework.org/schema/context"
	xsi:schemaLocation="http://www.springframework.org/schema/beans 
	   					   http://www.springframework.org/schema/beans/spring-beans.xsd
	   					   http://www.springframework.org/schema/tx 
	   					   http://www.springframework.org/schema/tx/spring-tx.xsd
	   					   http://www.springframework.org/schema/context
						   http://www.springframework.org/schema/context/spring-context.xsd">

	<context:annotation-config />
	
	<!-- Datasource: determinar conexión a la bdd -->
	<bean id="dataSource"
		class="org.springframework.jdbc.datasource.DriverManagerDataSource">
		<property name="driverClassName" value="com.mysql.jdbc.Driver" />
		<property name="url" value="jdbc:mysql://localhost:3306/curso" />
		<property name="username" value="root" />
		<property name="password" value="" />
	</bean>
	
	<!-- Activar transactiones basadas en anotaciones -->
    <tx:annotation-driven/>
    
	<!-- Session factory: para Hibernate -->
	<bean id="sessionFactory"
		class="org.springframework.orm.hibernate4.LocalSessionFactoryBean">

		<property name="dataSource">
			<ref bean="dataSource" />
		</property>

		<property name="hibernateProperties">
			<props>
				<prop key="hibernate.dialect">org.hibernate.dialect.MySQLDialect</prop>
				<prop key="hibernate.show_sql">true</prop>
			</props>
		</property>

		<property name="annotatedClasses">
			<list>
				<value>es.hubiqus.spr.model.Empleado</value>
				<value>es.hubiqus.spr.model.Departamento</value>
			</list>
		</property>
	</bean>
	
	<!-- Gestor de transacciones de hibernate -->
    <bean id="transactionManager" class="org.springframework.orm.hibernate4.HibernateTransactionManager"> 
     	<property name="sessionFactory" ref="sessionFactory" /> 
	</bean> 
	
	<!-- Dao Hibernate clásico -->
	<bean id="empleadoDao" class="es.hubiqus.spr.model.dao.impl.EmpleadoDaoImpl"/>
	<bean id="departamentoDao" class="es.hubiqus.spr.model.dao.impl.DepartamentoDaoImpl"/>
	
	<bean id="empleadoSvc" class="es.hubiqus.spr.service.impl.EmpleadoSvcImpl">
		<property name="dao" ref="empleadoDao" />
	</bean>
	
	<bean id="departamentoSvc" class="es.hubiqus.spr.service.impl.DepartamentoSvcImpl">
		<property name="dao" ref="departamentoDao" />
	</bean>

</beans>