<?xml version="1.0" encoding="UTF-8"?>
<beans xmlns="http://www.springframework.org/schema/beans"
	xmlns:xsi="http://www.w3.org/2001/XMLSchema-instance"
	xmlns:tx="http://www.springframework.org/schema/tx"
	xsi:schemaLocation="http://www.springframework.org/schema/beans 
	   					   http://www.springframework.org/schema/beans/spring-beans.xsd
	   					   http://www.springframework.org/schema/tx 
	   					   http://www.springframework.org/schema/tx/spring-tx.xsd">

	<!-- Datasource: determinar conexión a la bdd -->
	<bean id="dataSource"
		class="org.springframework.jdbc.datasource.DriverManagerDataSource">
		<property name="driverClassName" value="com.mysql.jdbc.Driver" />
		<property name="url" value="jdbc:mysql://localhost:3306/inventario" />
		<property name="username" value="root" />
		<property name="password" value="" />
	</bean>
	
	<!-- Activar transactiones basadas en anotaciones -->
    <tx:annotation-driven/>
    
	<!-- Session factory: para Hibernate -->
	<bean id="sessionFactory"
		class="org.springframework.orm.hibernate4.LocalSessionFactoryBean">

		<property name="dataSource">
			<ref bean="dataSource" />
		</property>

		<property name="hibernateProperties">
			<props>
				<prop key="hibernate.dialect">org.hibernate.dialect.MySQLDialect</prop>
				<prop key="hibernate.show_sql">true</prop>
			</props>
		</property>

		<property name="annotatedClasses">
			<list>
				<value>es.hubiqus.inventario.model.Producto</value>
			</list>
		</property>
	</bean>
	
	<!-- Dao Hibernate clásico -->
	<bean id="productoDaoHR" class="es.hubiqus.inventario.model.dao.impl.ProductoDaoImplHibRaw">
		<property name="sessionFactory" ref="sessionFactory" />
	</bean>
	
	<!-- Se inyecta al servicio el Dao que queramos para la prueba -->
	<bean id="productoSvc" class="es.hubiqus.inventario.service.impl.ProductoSvcImpl">
		<property name="dao" ref="productoDaoH" />
	</bean>
	
	<!-- Gestor de transacciones de hibernate -->
    <bean id="transactionManager" class="org.springframework.orm.hibernate4.HibernateTransactionManager"> 
     	<property name="sessionFactory" ref="sessionFactory" /> 
	</bean> 

	<!-- Dao Hibernate Support -->
	<bean id="productoDaoH" class="es.hubiqus.inventario.model.dao.impl.ProductoDaoImplHib">
		<property name="sessionFactory" ref="sessionFactory" />
	</bean>

</beans>