<?xml version="1.0" encoding="UTF-8"?>
<beans xmlns="http://www.springframework.org/schema/beans"
       xmlns:xsi="http://www.w3.org/2001/XMLSchema-instance"
       xsi:schemaLocation="http://www.springframework.org/schema/beans 
	   					   http://www.springframework.org/schema/beans/spring-beans.xsd">

	<bean id="dataSource"
          class="es.hubiqus.inventario.model.dao.impl.JdbcDataSource">
          <property name="url" value="jdbc:mysql://127.0.0.1/inventario"/>
          <property name="username" value="root"/>
          <property name="password" value=""/>
    </bean>
	
	<bean id="productoDao"
          class="es.hubiqus.inventario.model.dao.impl.ProductoDaoImplPs">
          <property name="dataSource" ref="dataSource"  />
    </bean>
    
    <bean id="productoSvc"
          class="es.hubiqus.inventario.service.impl.ProductoSvcImpl">
        <property name="dao" ref="productoDao"  />
    </bean>

</beans>