<?xml version="1.0" encoding="UTF-8"?>
<beans xmlns="http://www.springframework.org/schema/beans"
	xmlns:xsi="http://www.w3.org/2001/XMLSchema-instance"
	xmlns:tx="http://www.springframework.org/schema/tx"
	xmlns:context="http://www.springframework.org/schema/context"
	xsi:schemaLocation="http://www.springframework.org/schema/beans 
	   					   http://www.springframework.org/schema/beans/spring-beans.xsd
	   					   http://www.springframework.org/schema/tx 
	   					   http://www.springframework.org/schema/tx/spring-tx.xsd
	   					   http://www.springframework.org/schema/context
						   http://www.springframework.org/schema/context/spring-context.xsd">
	   					   
	<context:annotation-config />
	   					   
	<bean id="dataSource"
		class="org.springframework.jdbc.datasource.DriverManagerDataSource">
		<property name="driverClassName" value="com.mysql.jdbc.Driver" />
		<property name="url" value="jdbc:mysql://localhost:3306/inventario" />
		<property name="username" value="root" />
		<property name="password" value="" />
	</bean>
	
	<!-- Activar transactiones basadas en anotaciones -->
    <tx:annotation-driven/>

	<bean id="sessionFactory"
		class="org.springframework.orm.hibernate4.LocalSessionFactoryBean">

		<property name="dataSource">
			<ref bean="dataSource" />
		</property>

		<property name="hibernateProperties">
			<props>
				<prop key="hibernate.dialect">org.hibernate.dialect.MySQLDialect</prop>
				<prop key="hibernate.show_sql">true</prop>
			</props>
		</property>

		<property name="annotatedClasses">
			<list>
				<value>es.hubiqus.inventario.model.Producto</value>
				<value>es.hubiqus.inventario.model.TipoProducto</value>
			</list>
		</property>
	</bean>
	
	<!-- Gestor de transacciones de hibernate -->
    <bean id="transactionManager" class="org.springframework.orm.hibernate4.HibernateTransactionManager"> 
     	<property name="sessionFactory" ref="sessionFactory" /> 
	</bean> 
	
	<bean id="productoDao" class="es.hubiqus.inventario.model.dao.impl.ProductoDaoImpl"/>
	<bean id="tipoProductoDao" class="es.hubiqus.inventario.model.dao.impl.TipoProductoDaoImpl"/>
	<bean id="productoSvc" class="es.hubiqus.inventario.service.impl.ProductoSvcImpl"/>
	<bean id="tipoProductoSvc" class="es.hubiqus.inventario.service.impl.TipoProductoSvcImpl"/>

	<bean id="messageSource"
		class="org.springframework.context.support.ReloadableResourceBundleMessageSource">
		<property name="basename" value="classpath:messages" />
		<property name="defaultEncoding" value="LATIN1" />
	</bean>

</beans>